{
  "nodes": {
    "node_1": {
      "x": -15.870000000000005,
      "y": -126.95999999999998,
      "width": 140.0,
      "height": 80.0
    },
    "node_4": {
      "x": -84.63999999999999,
      "y": -388.81499999999994,
      "width": 140.0,
      "height": 80.0
    }
  },
  "edges": [
    {
      "source": "node_1",
      "target": "node_4"
    },
    {
      "source": "node_4",
      "target": "node_1"
    }
  ],
  "view_state": {
    "scale": 0.7561436672967865,
    "scroll_x": 0,
    "scroll_y": 0
  }
}